{
    "c2dictionary": true,
    "data": {
        "0": 8,
        "1": 10,
        "2": 13,
        "3": 16,
        "4": 19,
        "5": 23,
        "6": 27,
        "7": 32,
        "8": 38,
        "9": 45,
        "10": 53,
        "11": 62,
        "12": 72,
        "13": 84,
        "14": 97,
        "15": 113,
        "16": 131,
        "17": 151,
        "18": 175,
        "19": 202,
        "20": 233,
        "21": 269,
        "22": 311,
        "23": 358,
        "24": 413,
        "25": 476,
        "26": 549,
        "27": 632,
        "28": 728,
        "29": 838,
        "30": 964,
        "31": "1 110",
        "32": "1 278",
        "33": "1 470",
        "34": "1 692",
        "35": "1 947",
        "36": "2 240",
        "37": "2 576",
        "38": "2 964",
        "39": "3 410",
        "40": "3 922"
    }
}