{
    "c2dictionary": true,
    "data": {
        "0": "0,2",
        "1": "0,22",
        "2": "0,24",
        "3": "0,26",
        "4": "0,28",
        "5": "0,3",
        "6": "0,32",
        "7": "0,34",
        "8": "0,36",
        "9": "0,38",
        "10": "0,4",
        "11": "0,42",
        "12": "0,44",
        "13": "0,46",
        "14": "0,48",
        "15": "0,5",
        "16": "0,52",
        "17": "0,54",
        "18": "0,56",
        "19": "0,58",
        "20": "0,6",
        "21": "0,62",
        "22": "0,64",
        "23": "0,66",
        "24": "0,68",
        "25": "0,7",
        "26": "0,72",
        "27": "0,74",
        "28": "0,76",
        "29": "0,78",
        "30": "0,8",
        "31": "0,82",
        "32": "0,84",
        "33": "0,86",
        "34": "0,88",
        "35": "0,9",
        "36": "0,92",
        "37": "0,94",
        "38": "0,96",
        "39": "0,98",
        "40": 1
    }
}